{
  "flutter": {
    "platforms": {
      "android": {
        "default": {
          "projectId": "chegaja-ac88d",
          "appId": "1:767588494857:android:f31e72877260a7555252d8",
          "fileOutput": "android/app/google-services.json"
        }
      },
      "dart": {
        "lib/firebase_options.dart": {
          "projectId": "chegaja-ac88d",
          "configurations": {
            "android": "1:767588494857:android:f31e72877260a7555252d8",
            "ios": "1:767588494857:ios:46bc77e492b3ddac5252d8",
            "macos": "1:767588494857:ios:46bc77e492b3ddac5252d8",
            "web": "1:767588494857:web:18d231bee8d6bfe55252d8",
            "windows": "1:767588494857:web:097c76c90ddb767a5252d8"
          }
        }
      }
    }
  },
  "firestore": {
    "rules": "firestore.rules",
    "indexes": "firestore.indexes.json"
  },
  "storage": {
    "rules": "storage.rules"
  },
  "functions": {
    "source": "functions"
  },
  "emulators": {
    "auth": {
      "port": 9099
    },
    "firestore": {
      "port": 8080
    },
    "functions": {
      "port": 5001
    },
    "storage": {
      "port": 9199
    },
    "ui": {
      "enabled": true,
      "port": 4000
    }
  }
}
