{
  "indexes": [
    {
      "collectionGroup": "pedidos",
      "queryScope": "COLLECTION",
      "fields": [
        { "fieldPath": "clienteId", "order": "ASCENDING" },
        { "fieldPath": "createdAt", "order": "DESCENDING" }
      ]
    },
    {
      "collectionGroup": "pedidos",
      "queryScope": "COLLECTION",
      "fields": [
        { "fieldPath": "prestadorId", "order": "ASCENDING" },
        { "fieldPath": "createdAt", "order": "DESCENDING" }
      ]
    },
    {
      "collectionGroup": "pedidos",
      "queryScope": "COLLECTION",
      "fields": [
        { "fieldPath": "estado", "order": "ASCENDING" },
        { "fieldPath": "prestadorId", "order": "ASCENDING" },
        { "fieldPath": "createdAt", "order": "DESCENDING" }
      ]
    },
    {
      "collectionGroup": "pedidos",
      "queryScope": "COLLECTION",
      "fields": [
        { "fieldPath": "estado", "order": "ASCENDING" },
        { "fieldPath": "prestadorId", "order": "ASCENDING" },
        { "fieldPath": "geo.geohash", "order": "ASCENDING" }
      ]
    },

    {
      "collectionGroup": "chats",
      "queryScope": "COLLECTION",
      "fields": [
        { "fieldPath": "clienteId", "order": "ASCENDING" },
        { "fieldPath": "lastMessageAt", "order": "DESCENDING" }
      ]
    },
    {
      "collectionGroup": "chats",
      "queryScope": "COLLECTION",
      "fields": [
        { "fieldPath": "prestadorId", "order": "ASCENDING" },
        { "fieldPath": "lastMessageAt", "order": "DESCENDING" }
      ]
    },

    {
      "collectionGroup": "prestadores",
      "queryScope": "COLLECTION",
      "fields": [
        { "fieldPath": "isOnline", "order": "ASCENDING" },
        { "fieldPath": "servicos", "arrayConfig": "CONTAINS" },
        { "fieldPath": "geo.geohash", "order": "ASCENDING" }
      ]
    }
  ],
  "fieldOverrides": []
}
